,positions_eccentricity,positions_polar_angle,eccentricity_group_index,semi_xc,semi_yc,xy_aspect_ratio,amplitudes,sur_ratio,orientation_center,amplitudec,relative_sur_amplitude,rf_radius,n,p1,p2,tau1,tau2,tonicdrive
0,1.0560319605056572,0.4208459182378112,0,0.012976076751746389,0.012706915212064287,0.6877979754280696,52.71498657779763,1.1672862539510807,0.4208459182378112,89.01351160433917,0.5922133126498058,0.012840790749392341,10.569820375465959,2.8573275474556947,0.9135151098351866,51.76608152496176,115.09689110402394,2.4989013397426962
1,1.070083775264291,-0.4536839384379493,0,0.0137287476356818,0.009778007644026525,0.7199143394734286,75.129051016927,1.3086389102740086,-0.4536839384379493,109.33474033917499,0.6871471115572587,0.011586190026260044,10.693137050508614,3.9248122617178183,0.8185504475798382,52.191466431875746,113.98269556773721,2.279106673281767
2,1.0860664813662926,0.3347827488941867,0,0.012514440835730719,0.01047781272341116,0.6519243553770324,82.53778704224081,1.1903911058744288,0.3347827488941867,111.93280596740433,0.7373869200266133,0.01145093740333059,9.371939408407819,3.293964147105765,0.8782697235301931,48.89763681083312,122.92843250538283,2.7710272422726767
