,positions_eccentricity,positions_polar_angle,eccentricity_group_index,semi_xc,semi_yc,xy_aspect_ratio,amplitudes,sur_ratio,orientation_center,amplitudec,relative_sur_amplitude,rf_radius,n,p1,p2,tau1,tau2,tonicdrive
0,1.0562723004474233,0.42418682243679334,0,0.015214468753138422,0.009017827879775295,0.7362606779079357,71.89031862271237,1.207261475103529,0.42418682243679334,106.97467381303012,0.6720312019680654,0.011713302715204698,10.668225428258541,2.933418495400174,0.9676099166878362,52.50219519925059,116.95114905386902,2.315319591429745
1,1.0702789354608395,-0.33617285860022317,0,0.014031575245543817,0.010395919816884017,0.521075946172848,73.50628060779957,1.1698934227262148,-0.33617285860022317,100.6167660935282,0.7305569783416801,0.012077712165689666,9.358782292890869,2.8757359552907538,0.8052685132485253,50.9457047163091,117.27238067146376,2.3243858181305868
2,1.0852480833044449,0.3479794310809313,0,0.011592520902092753,0.012677297903410167,0.9515719858508254,61.12419354595382,1.151156114818705,0.3479794310809313,99.87001653513491,0.6120374829861968,0.012122781897210682,10.749772312925636,3.8668397743324228,0.9332589720799307,51.35310036406639,121.61585579268728,2.406097424703697
