,positions_eccentricity,positions_polar_angle,eccentricity_group_index,semi_xc,semi_yc,xy_aspect_ratio,amplitudes,sur_ratio,orientation_center,amplitudec,relative_sur_amplitude,rf_radius,n,p1,p2,tau1,tau2,tonicdrive
0,1.0554000536428685,0.43988675231740865,0,0.013941341547711721,0.011776229899045473,0.8159040576741963,60.48975544624012,1.1674438789659731,0.43988675231740865,89.39817015899376,0.6766330377753782,0.012813135571239682,11.4129382840305,4.050893184301827,1.095677786632118,53.146089542041224,112.65482255602473,2.726904300690892
1,1.0709227916897963,-0.3882033010243379,0,0.013563072928871734,0.007681020467452672,0.6419884179947264,99.9856450914797,1.1981614845423454,-0.3882033010243379,140.8842527394325,0.7097006453688236,0.010206774258707647,11.1044932833871,3.3683398748809523,0.9660384804110542,53.36126643489723,111.30769500823054,3.5439885711825703
2,1.0867963198422983,0.4288356147972991,0,0.017174107602495776,0.009438280967771351,0.539374170373109,57.56919471872901,1.2714286977087634,0.4288356147972991,90.54665077257708,0.6357959596244325,0.012731616273006863,8.36251675689601,2.8942502359772533,0.941802199290728,53.00559778242797,127.26963405621527,2.256797181996328
