,positions_eccentricity,positions_polar_angle,eccentricity_group_index,semi_xc,semi_yc,xy_aspect_ratio,amplitudes,sur_ratio,orientation_center,amplitudec,relative_sur_amplitude,rf_radius,n,p1,p2,tau1,tau2,tonicdrive
0,1.054557443450415,0.42732516603505155,0,0.013237811873720796,0.00991908784427482,0.7365587834053375,69.42550270487351,1.2018524809757942,0.42732516603505155,111.77676358690627,0.6211085423930286,0.011458927473434013,12.07335251635844,3.1747036336209575,1.1527082640818138,51.0858612406296,125.06206082348996,2.4529850780165265
1,1.070278914904628,-0.4536965003135206,0,0.013327170730778088,0.012008990620129698,0.7875723003184358,71.23185530436861,1.1565005406651496,-0.4536965003135206,91.70542019203579,0.7767464033773086,0.012650923614455235,11.277100766960679,2.5736079036987274,1.0686275937735052,52.26050206676847,120.8162904874514,2.036574183258681
2,1.0847005253387942,0.4481015860398466,0,0.014372706140293267,0.009638040812761805,0.7117465514138028,80.40876581023325,1.2029995511309186,0.4481015860398466,105.95273331371341,0.758911670283696,0.011769652856816921,10.087531095710126,4.663747646324758,0.7895675663988326,52.19025474113904,118.25321754631001,2.6850811474434604
