,positions_eccentricity,positions_polar_angle,eccentricity_group_index,semi_xc,semi_yc,xy_aspect_ratio,amplitudes,sur_ratio,orientation_center,amplitudec,relative_sur_amplitude,rf_radius,n,p1,p2,tau1,tau2,tonicdrive
0,1.05589962722407,0.42037423387315004,0,0.014320211984878133,0.011418135226599247,0.653049947442526,61.85108458968654,1.2883168826821605,0.42037423387315004,89.76248001704805,0.689052759882966,0.012787107449181215,10.90787428261632,3.079017234258586,0.9197044507924157,52.89503018602522,131.25221380780658,2.4608682559853623
1,1.0717109563307954,-0.38817691830825163,0,0.018264498320046743,0.00907351095072445,0.6407702556769332,56.119592343587065,1.1609893408197376,-0.38817691830825163,88.56382328417781,0.6336627108284856,0.012873349428817368,9.28169150115075,3.3629561505323835,1.031589196007185,54.06943532528314,117.10506641033732,3.365291272546541
2,1.0858036569354346,0.3646921999156267,0,0.01159548422406473,0.008715141922641672,0.8355754724186171,102.54486842278864,1.1650311091358299,0.3646921999156267,145.2366152010947,0.7060538300262985,0.010052675796745694,11.915979550344218,3.3636253489769103,1.2809543080615042,51.396885857918264,128.58611163751183,2.6425715450015126
