,positions_eccentricity,positions_polar_angle,eccentricity_group_index,semi_xc,semi_yc,xy_aspect_ratio,amplitudes,sur_ratio,orientation_center,amplitudec,relative_sur_amplitude,rf_radius,n,p1,p2,tau1,tau2,tonicdrive
0,1.055891018129332,0.3715439133685786,0,0.012764661974680895,0.009209727382749187,0.7342145248934977,89.53421964579947,1.201655727621611,0.3715439133685786,124.84851432890699,0.7171428520961505,0.010842465444711178,9.722941319973607,3.2432216959949436,1.032773887767053,49.75435858517647,129.16497043962184,2.335306224680835
1,1.0711421917378738,-0.4457327791402874,0,0.015586813071698484,0.007123340167780488,0.8135028722325477,87.91352722101897,1.1267362563819507,-0.4457327791402874,132.18995688625427,0.6650545116424093,0.010537085538293583,7.642812500740543,3.5737604248996178,1.2228108644998672,48.67454485394875,119.53493500113207,2.5799154724758857
2,1.0860881752384934,0.3600699308014926,0,0.020964986800966014,0.009641222435261294,0.8734264292555136,49.274628962273596,1.1812887947483748,0.3600699308014926,72.61273183903516,0.6785948925803192,0.014217176270287657,9.700458047764052,3.322305424774928,1.0546605184154108,53.555791847664366,108.36333807902619,2.6037188100437607
