,positions_eccentricity,positions_polar_angle,eccentricity_group_index,semi_xc,semi_yc,xy_aspect_ratio,amplitudes,sur_ratio,orientation_center,amplitudec,relative_sur_amplitude,rf_radius,n,p1,p2,tau1,tau2,tonicdrive
0,1.0559652912795907,0.38643521870987924,0,0.013511691285137952,0.01054683929505942,0.5453044216893592,68.51381701427601,1.243893964900833,0.38643521870987924,102.99293384927036,0.6652283263873776,0.011937572474703761,11.153763821506345,4.063150110880365,0.791605965435604,53.79646926294657,135.3558442226856,1.6613946310011185
1,1.070242200589207,-0.3963726547700564,0,0.014484549088961556,0.010444192847603076,0.4903947652310827,68.20492966421841,1.2117210689645062,-0.3963726547700564,97.01962907234032,0.7030013443296415,0.012299570073611838,9.905252892584084,3.972034625136235,0.6923237569241141,54.11717116684607,136.34572480721414,2.4669932011634277
2,1.0851898544225302,0.40401883883740675,0,0.01350424478874256,0.010127134517381719,0.26969487341722753,65.112591274237,1.1162855567222498,0.40401883883740675,107.32047636514547,0.6067117243563005,0.011694413347032289,13.310528726863396,3.2640663456259063,0.8488389182925475,52.141438291314586,127.04996146831292,2.112107766976415
