,positions_eccentricity,positions_polar_angle,eccentricity_group_index,semi_xc,semi_yc,xy_aspect_ratio,amplitudes,sur_ratio,orientation_center,amplitudec,relative_sur_amplitude,rf_radius,n,p1,p2,tau1,tau2,tonicdrive
0,1.0562960995842523,0.36740741037841396,0,0.012527029902629914,0.010630183913531205,0.9372329772755803,75.81560297420738,1.2051216296051404,0.36740741037841396,110.21750602151987,0.6878726049145446,0.011539698079033996,8.155494849494836,3.445354500184571,1.0315868111363988,53.427228449857765,125.67175323298582,2.7313671408967473
1,1.0702204171629173,-0.4522612302386523,0,0.01825434186800161,0.011162242850969516,0.7773060357956671,45.448456309007554,1.2564493543357989,-0.4522612302386523,72.03139495568954,0.6309534382468283,0.014274431582912661,8.59074577537173,4.946851095798266,0.6157690298672374,52.62669739082597,119.99270814702427,2.170092191237252
2,1.0866452691327033,0.47049615780420045,0,0.010069486521432343,0.009287539420757364,0.8265463678935321,104.07751237600975,1.2476623259904407,0.47049615780420045,156.9392154065477,0.6631708467918561,0.009670612856204503,8.207306838963024,3.755651205330217,0.8087742790722969,52.65419322593395,128.81208007488553,1.827904295947146
