,positions_eccentricity,positions_polar_angle,eccentricity_group_index,semi_xc,semi_yc,xy_aspect_ratio,amplitudes,sur_ratio,orientation_center,amplitudec,relative_sur_amplitude,rf_radius,n,p1,p2,tau1,tau2,tonicdrive
0,1.0557580116034693,0.422686983253425,0,0.014699185296130981,0.009097454033188278,0.6300630811632066,71.05727159566266,1.2188963794662657,0.422686983253425,109.75551139148772,0.647414154376339,0.011563959640057062,8.725662564709037,3.5288565092765367,0.833636033021596,50.52818038577071,127.30304775274624,3.046122979550276
1,1.0716206893724356,-0.3445464347325048,0,0.01834780459952762,0.0085185829783087,0.7103506288714305,61.838930209345676,1.2063889750402563,-0.3445464347325048,93.90484661329319,0.6585275674215493,0.01250189169489442,8.966318217139683,3.5444389867588058,1.1288737958638277,52.80615770331616,128.081781529756,3.2450099270396464
2,1.0860512438119494,0.3331858608386033,0,0.013319552779527429,0.010531760326003406,0.7418928426544502,83.30748207875548,1.1729645956091348,0.3331858608386033,104.62822600728698,0.7962237845163638,0.011843915633080782,8.370114950827311,4.358090013940771,0.939750558609743,52.73103746249629,121.60855398057174,2.0540217540881915
