,positions_eccentricity,positions_polar_angle,eccentricity_group_index,semi_xc,semi_yc,xy_aspect_ratio,amplitudes,sur_ratio,orientation_center,amplitudec,relative_sur_amplitude,rf_radius,n,p1,p2,tau1,tau2,tonicdrive
0,1.0551111632634447,0.3916989910631575,0,0.013989201518929678,0.011471003096187997,0.6545925648878157,54.564002937970464,1.2451075996118326,0.3916989910631575,91.46293820380431,0.596569539635683,0.012667682263809753,9.906404154382358,3.854174651631098,0.782175979634665,50.74167402802664,139.72422038103437,3.128375004009234
1,1.0713099120021201,-0.4020974404970402,0,0.017433186525948087,0.008000419466026802,0.49210197498118413,71.78970292931453,1.2091011503226585,-0.4020974404970402,105.23251195445842,0.6822007913332244,0.011809860491854729,11.04924964998332,3.027058109052547,0.8209602395607498,53.43694347265616,120.69548315961532,2.8267066150815214
2,1.086167338737631,0.4292539399218217,0,0.013373664336292754,0.009747944730729903,0.7667738219719986,85.4706623564586,1.1944097611521198,0.4292539399218217,112.58382388311232,0.7591735598286006,0.011417781780955327,10.355481780153074,2.4846833490298703,0.8558393850070352,49.615719865983706,126.11464830484576,1.2898952233604142
