,positions_eccentricity,positions_polar_angle,eccentricity_group_index,semi_xc,semi_yc,xy_aspect_ratio,amplitudes,sur_ratio,orientation_center,amplitudec,relative_sur_amplitude,rf_radius,n,p1,p2,tau1,tau2,tonicdrive
0,1.05668912200611,0.4125548296065294,0,0.012067411142808406,0.010370059769588266,0.7300581819390128,74.97707194621013,1.2424271582007431,0.4125548296065294,117.28544041271321,0.6392700720769341,0.011186589060795905,8.077525382255153,3.182599258994543,0.8008163447725334,52.67422537915698,122.08297831191777,1.1222069235177772
1,1.0707306631767657,-0.45577199796935336,0,0.013285210012500309,0.011152978595611488,0.7290166301718957,66.6023332949306,1.1966200111967862,-0.45577199796935336,99.0558614653108,0.6723714509136305,0.012172496165849441,11.564257474138273,3.0648977112323585,0.8555552267420716,53.30518544900866,142.6890795536685,2.00672186493688
2,1.0859495852734948,0.41249245674154833,0,0.016669338064081485,0.009415660086024229,0.672478906053315,64.45721830069292,1.172743197370548,0.41249245674154833,93.51264604383324,0.6892887863581483,0.012528081300439283,8.582738860633349,3.237184638791714,0.7507373156620223,51.87230399832126,115.45995686250205,2.1200346306175586
